Country,ISO3,Year,Stunting_Prevalence,Overweight_Prevalence,Stunting_Risk,Overweight_Risk,GDP_per_Capita,Poverty_Rate,Fertility_Rate,Urban_Population_Percent,Female_Literacy_Rate,Male_Literacy_Rate
Albania,ALB,2008,22.8,24.1,1,1,4498.50486763601,0.8,1.616,49.3850699230207,94.6800003051758,97.3099975585938
Albania,ALB,2012,16.5,20.9,0,1,4280.93316338873,1.8,1.719,53.8637553661449,96.1399993896484,98.3499984741211
Albania,ALB,2017,12.0,16.1,0,1,5006.36012951959,1.4,1.486,55.980276426546,99.0500030517578,98.5699996948242
Argentina,ARG,2001,9.0,10.4,0,1,7141.47507662826,10.7,2.531,89.3682951289372,97.1900024414062,97.1900024414062
Argentina,ARG,2020,8.8,12.4,0,1,8535.59938004389,2.2,1.601,91.9439026594897,99.1600036621094,99.129997253418
Armenia,ARM,2001,18.1,12.5,0,1,659.588988535629,24.1,1.2,64.8228123790872,99.1600036621094,99.6699981689453
Armenia,ARM,2011,15.4,15.1,0,1,3349.55309771906,3.1,1.5,64.3207449145194,99.6900024414062,99.8099975585938
Armenia,ARM,2016,10.6,13.2,0,1,3524.42476874707,2.5,1.6,64.5928753345316,99.6900024414062,99.8099975585938
Armenia,ARM,2017,9.7,12.9,0,1,3869.05373867752,2.4,1.6,64.7124948593667,99.6800003051758,99.8099975585938
Armenia,ARM,2020,7.5,12.2,0,1,4268.68093304583,1.5,1.7,65.174217253699,99.7399978637695,99.8399963378906
Armenia,ARM,2022,6.7,12.3,0,1,6571.97445545099,1.9,1.7,65.5624462874485,99.9000015258789,99.7300033569336
Armenia,ARM,2023,6.4,12.5,0,1,8159.08720967996,1.9,1.9,65.6956882008852,99.9000015258789,99.7699966430664
Bangladesh,BGD,2016,32.8,1.9,2,0,1649.28380858601,19.5,2.227,29.8753915517965,69.9000015258789,75.620002746582
Bangladesh,BGD,2022,25.9,1.8,1,0,2716.48592780431,5.9,2.179,31.673734726234,76.5400009155273,81.3899993896484
Belarus,BLR,2009,3.1,7.2,0,0,5352.48809190697,0.5,1.509,74.1909646620571,99.4899978637695,99.7600021362305
Belarus,BLR,2019,1.4,3.2,0,0,6837.77339645635,0.0,1.382,77.4550771852757,99.879997253418,99.870002746582
Benin,BEN,2011,34.5,1.8,2,0,1059.41358852588,68.4,5.436,43.4616136137276,42.4430006160176,47.1927131129603
Benin,BEN,2021,32.6,2.5,2,0,1318.65158075198,27.2,4.707,50.1961807561354,33.1300010681152,56.4599990844727
Bhutan,BTN,2012,29.1,7.1,1,0,2751.2128864294,3.6,2.068,35.0188644248365,45.2000007629395,66.0
Bhutan,BTN,2017,22.3,8.1,1,0,3435.28804735662,2.6,1.621,37.8645544995016,57.0800018310547,75.0199966430664
Bhutan,BTN,2022,18.4,8.2,0,0,3711.32767981591,0.0,1.478,40.9365143617581,57.0,73.3899993896484
Brazil,BRA,2004,7.7,6.6,0,0,3663.82262497811,15.3,1.973,82.6816824814559,88.8099975585938,88.4100036621094
Brazil,BRA,2006,7.2,6.8,0,0,5934.14561857454,11.4,1.896,83.2672101364439,89.8600006103516,89.3499984741211
Brazil,BRA,2007,7.0,7.0,0,0,7409.69003822861,10.8,1.854,83.5382571292649,90.2300033569336,89.7699966430664
Brazil,BRA,2008,6.9,7.1,0,0,8908.33338467948,9.1,1.815,83.8036050557184,90.2200012207031,89.8399963378906
Brazil,BRA,2009,6.8,7.2,0,0,8678.6584730653,8.4,1.799,84.0698380333651,90.4100036621094,90.1699981689453
Brazil,BRA,2011,6.6,7.5,0,0,13396.6263158041,7.1,1.777,84.6225758599683,91.629997253418,91.1699981689453
Brazil,BRA,2012,6.6,7.7,0,0,12521.7238454434,6.4,1.766,84.8973874181312,91.620002746582,91.0299987792969
Brazil,BRA,2013,6.7,7.9,0,0,12458.8903396625,5.4,1.761,85.1676585442726,91.7600021362305,91.1800003051758
Brazil,BRA,2014,6.8,8.1,0,0,12274.9941630213,4.7,1.775,85.4331367898168,92.0599975585938,91.370002746582
Brazil,BRA,2015,6.9,8.3,0,0,8936.1955889444,5.4,1.777,85.6935697061881,92.3399963378906,91.7300033569336
Brazil,BRA,2016,7.1,8.5,0,0,8836.28546025694,6.5,1.727,85.9487048448108,93.0199966430664,92.5800018310547
Brazil,BRA,2017,7.3,8.7,0,0,10080.5078722821,6.9,1.74,86.1982897571091,93.2399978637695,92.8899993896484
Brazil,BRA,2018,7.5,9.0,0,0,9300.66072904004,6.9,1.744,86.4420719945072,93.4300003051758,93.0100021362305
Brazil,BRA,2019,7.7,9.2,0,0,9029.83304401079,7.0,1.705,86.6797991084296,94.1614917282617,93.624114176131
Brazil,BRA,2020,8.0,9.5,0,0,7074.19407495707,2.8,1.653,86.9112186503004,94.9873110186147,94.511806797444
Brazil,BRA,2021,8.2,9.8,0,0,7972.53696080695,7.5,1.638,87.1360781715439,95.0467415689225,94.5045379913135
Brazil,BRA,2022,8.5,10.1,0,1,9281.33282136864,4.9,1.629,87.349556243881,94.6596761849819,94.091356038064
Brazil,BRA,2023,8.7,10.5,0,1,10377.5897719195,3.8,1.619,87.6159710235763,94.8781414001563,94.2688531623673
Bulgaria,BGR,2001,8.7,10.3,0,1,1770.90704918691,4.7,1.21,69.196711983564,97.7099990844727,98.7399978637695
Bulgaria,BGR,2011,7.4,6.9,0,0,7849.58061302818,3.4,1.51,72.6101653885532,97.9800033569336,98.75
Burkina Faso,BFA,2003,40.7,1.6,2,0,362.373899996953,69.6,6.28,20.563327262892,15.1899995803833,29.3600006103516
Burkina Faso,BFA,2014,28.7,1.0,1,0,764.861675106225,58.7,5.595,25.3814155996643,26.2199993133545,44.3800010681152
Burkina Faso,BFA,2018,23.0,1.2,1,0,777.465618514048,47.7,4.921,26.0832202154822,31.0400009155273,49.1699981689453
Burkina Faso,BFA,2021,20.4,1.7,1,0,895.535288442991,42.1,4.361,26.8114307743017,31.0300006866455,44.1199989318848
Burundi,BDI,2020,53.4,1.9,2,0,255.8324539389,74.2,5.177,19.9309984273971,66.2354865947952,78.1656333672969
Cabo Verde,CPV,2015,7.2,5.5,0,0,3415.06266730931,14.6,1.968,66.9045094767116,82.0400009155273,91.6900024414062
Cameroon,CMR,2007,36.0,8.9,2,0,1325.67248215933,36.0,5.343,49.7027028593758,63.0200004577637,78.9499969482422
Chile,CHL,2011,1.9,10.1,0,1,14487.3927832032,1.7,1.823,87.0109164653326,96.5299987792969,96.9000015258789
Chile,CHL,2013,1.8,9.7,0,0,15683.5486369155,0.8,1.786,87.1827777654221,96.1600036621094,96.3899993896484
Chile,CHL,2015,1.8,9.4,0,0,13433.9202987032,0.7,1.737,87.4653320342387,96.7399978637695,97.0199966430664
Chile,CHL,2017,1.7,9.1,0,0,14879.9086227187,0.5,1.563,87.8000295757281,96.3300018310547,96.4800033569336
China,CHN,2010,8.8,6.7,0,0,4629.24551710077,20.6,1.687,49.2340270628041,92.7099990844727,97.4800033569336
China,CHN,2020,5.0,8.9,0,0,10627.4637989619,0.0,1.236,63.5234230266258,95.0500030517578,98.379997253418
Colombia,COL,2004,16.2,4.7,0,0,2818.57195413044,19.2,2.384,75.8080569479496,92.7099990844727,92.9000015258789
Colombia,COL,2005,15.8,4.7,0,0,3456.06610874512,16.8,2.309,76.004938901378,92.9100036621094,92.7799987792969
Colombia,COL,2008,14.1,4.8,0,0,5541.83629665898,16.6,2.155,76.4596761810047,93.4400024414062,93.3199996948242
Colombia,COL,2009,13.6,4.9,0,0,5250.97292433518,15.0,2.096,76.5964145836792,93.4199981689453,93.0599975585938
Colombia,COL,2010,13.2,4.9,0,0,6398.2958447102,13.1,2.01,76.7232975672119,93.4899978637695,93.25
Colombia,COL,2011,12.9,5.0,0,0,7400.9940695669,11.2,1.938,76.839003613206,93.6699981689453,93.4899978637695
Colombia,COL,2014,12.4,5.2,0,0,8187.20824890084,9.0,1.822,77.1058449419909,94.4800033569336,93.870002746582
Colombia,COL,2015,12.3,5.3,0,0,6248.51490534512,8.1,1.771,77.1636280538646,94.4199981689453,94.0599975585938
Colombia,COL,2016,12.1,5.4,0,0,5959.84250367574,8.0,1.719,77.2036266362166,94.8899993896484,94.4000015258789
Colombia,COL,2017,11.8,5.5,0,0,6479.53231292429,7.3,1.717,77.2245191706503,95.061551346437,94.7283092098286
Colombia,COL,2018,11.6,5.6,0,0,6816.96818309544,7.4,1.715,77.2804816598084,95.3199996948242,94.8499984741211
Colombia,COL,2019,11.3,5.8,0,0,6472.54544924705,8.8,1.71,77.4595528518377,95.4700012207031,95.0199966430664
Colombia,COL,2020,11.2,5.9,0,0,5339.68711357943,13.5,1.694,77.6382533537045,95.879997253418,95.379997253418
Colombia,COL,2021,11.2,6.1,0,0,6222.62164397614,11.2,1.68,77.8339570326128,95.8362311838969,95.4864009724528
Colombia,COL,2022,11.3,6.3,0,0,6680.44506854481,9.3,1.663,78.0464633137335,95.4931703908354,95.1198040520605
Colombia,COL,2023,11.4,6.5,0,0,7000.83660501046,7.7,1.645,78.275571579544,95.6179317373144,95.2945175859087
Comoros,COM,2014,28.5,8.7,1,0,1615.71723662012,31.4,4.489,30.0302906552932,70.3678151865526,78.0351425252311
Costa Rica,CRI,2000,7.1,7.9,0,0,3812.75388284924,9.8,2.413,59.0462378975394,95.0800018310547,94.6500015258789
Costa Rica,CRI,2011,6.5,7.6,0,0,9276.39107511347,2.7,1.877,72.8426586679914,97.5,97.3099975585938
Dominican Republic,DOM,2002,9.5,7.3,0,0,3065.60329524196,9.0,2.764,63.2914022524877,87.1800003051758,86.8099975585938
Dominican Republic,DOM,2007,8.7,7.7,0,0,4649.64558875814,7.8,2.51,71.0193434994977,88.2799987792969,88.2099990844727
Dominican Republic,DOM,2010,8.4,7.7,0,0,5478.62470398954,5.5,2.556,74.1642773174177,89.6999969482422,89.379997253418
Dominican Republic,DOM,2011,8.2,7.7,0,0,5826.51014109195,5.3,2.527,74.2440389501301,90.2300033569336,89.9899978637695
Dominican Republic,DOM,2012,8.0,7.7,0,0,6013.81965002603,5.4,2.497,74.2398679969568,90.2200012207031,90.0800018310547
Dominican Republic,DOM,2013,7.9,7.7,0,0,6136.59429329301,4.4,2.474,74.2251359951216,91.25,90.4599990844727
Dominican Republic,DOM,2014,7.7,7.6,0,0,6496.45166971142,4.1,2.451,74.1931533822153,92.1500015258789,91.370002746582
Dominican Republic,DOM,2015,7.5,7.6,0,0,6800.95309395474,3.3,2.43,74.1372305958285,92.3199996948242,91.6500015258789
Dominican Republic,DOM,2016,7.4,7.6,0,0,7160.44200982307,3.0,2.41,74.0506780735522,93.7600021362305,93.7900009155273
Dominican Republic,DOM,2017,7.1,7.5,0,0,7412.71571571512,1.5,2.398,73.926806252977,93.0700077235625,93.4315229332502
Dominican Republic,DOM,2018,6.9,7.5,0,0,7882.98221584944,1.1,2.397,73.7589255716938,93.5035536566373,93.4368217632503
Dominican Republic,DOM,2019,6.5,7.5,0,0,8183.01623600375,1.0,2.366,73.5403464672933,87.370002746582,93.6136998037693
Dominican Republic,DOM,2020,6.3,7.5,0,0,7135.22273255899,1.3,2.329,73.2643793773663,93.6960474261224,93.81268564515
Dominican Republic,DOM,2021,6.1,7.5,0,0,8527.0754858205,1.3,2.294,72.9243347395035,93.5753635458374,93.9622883292031
Dominican Republic,DOM,2022,5.9,7.5,0,0,10104.2449349081,1.0,2.267,72.4203155643711,93.7317585041963,93.7533431482917
Dominican Republic,DOM,2023,5.7,7.5,0,0,10630.431743829,1.3,2.243,72.3577991823338,94.2090955726087,94.4929175300518
Ecuador,ECU,2007,28.9,5.6,1,0,3478.92488770671,10.9,2.704,62.3887552077227,90.870002746582,93.3899993896484
Ecuador,ECU,2008,28.6,5.9,1,0,4194.75750661981,9.8,2.688,62.5395521004212,91.120002746582,93.75
Ecuador,ECU,2009,27.9,6.2,1,0,4053.36331139298,9.3,2.678,62.6588021150118,90.9199981689453,93.6600036621094
Ecuador,ECU,2010,26.9,6.5,1,0,4520.30959039763,7.8,2.615,62.7405258611644,90.4700012207031,93.3199996948242
Ecuador,ECU,2011,25.6,6.7,1,0,5153.6916424375,6.4,2.605,62.7949053547691,90.2200012207031,93.0500030517578
Ecuador,ECU,2012,24.3,6.9,1,0,5634.08393191094,6.0,2.509,62.8408732819135,90.9499969482422,93.25
Ecuador,ECU,2013,23.1,7.1,1,0,6109.29031510341,4.5,2.362,62.8837286624122,92.2200012207031,94.4300003051758
Ecuador,ECU,2014,22.1,7.2,1,0,6405.79979300441,4.0,2.274,62.9232432195799,93.25,95.2600021362305
Ecuador,ECU,2015,21.5,7.2,1,0,5976.1596805651,4.8,2.209,62.959188676731,93.2600021362305,95.7300033569336
Ecuador,ECU,2016,21.1,7.2,1,0,5917.63771271481,5.0,2.122,62.9913367571804,93.3099975585938,95.4499969482422
Ecuador,ECU,2017,20.5,7.0,1,0,6233.32244797718,4.3,2.128,63.0194591842425,92.0899963378906,93.7799987792969
Ecuador,ECU,2020,18.8,6.3,0,0,5463.64515348598,8.4,1.967,63.0773897782521,92.4899978637695,94.8099975585938
Ecuador,ECU,2021,18.3,6.0,0,0,6061.32350181711,5.3,1.909,63.0871268249117,94.0500030517578,94.9400024414062
Ecuador,ECU,2022,18.1,5.6,0,0,6515.58528418336,4.4,1.861,63.0901835932266,95.7200012207031,96.8499984741211
El Salvador,SLV,2006,22.4,5.4,1,0,2665.61807194853,12.6,2.395,61.9068679391763,81.0,86.6999969482422
El Salvador,SLV,2007,21.2,5.5,1,0,2830.65693770733,9.2,2.354,62.7676878093683,79.6600036621094,84.8600006103516
El Salvador,SLV,2008,19.9,5.7,0,0,2983.24829577976,12.6,2.291,63.6372503452723,81.3600006103516,87.0500030517578
El Salvador,SLV,2009,18.6,5.9,0,0,2910.18651752011,12.4,2.261,64.5299047495248,81.8199996948242,86.8300018310547
El Salvador,SLV,2010,17.4,6.1,0,0,3040.07300952878,11.4,2.239,65.4327927543162,82.3099975585938,87.0999984741211
El Salvador,SLV,2011,16.3,6.3,0,0,3330.60049486653,10.1,2.224,66.334413642034,83.0199966430664,88.3899993896484
El Salvador,SLV,2012,15.5,6.5,0,0,3497.91256915509,8.5,2.187,67.2232666950659,82.887464205326,88.5394780297151
El Salvador,SLV,2013,14.6,6.6,0,0,3582.26694005169,7.1,2.154,68.0878511957995,84.6699981689453,89.2399978637695
El Salvador,SLV,2014,13.9,6.8,0,0,3666.01248913873,7.0,2.126,68.9166664266223,85.5328919936255,89.6631378851437
El Salvador,SLV,2015,13.1,7.0,0,0,3790.34089108162,5.3,2.067,69.6982116699219,86.2200012207031,90.0100021362305
El Salvador,SLV,2016,12.3,7.2,0,0,3901.34014965811,5.8,1.965,70.3990173339844,86.3300018310547,90.3000030517578
El Salvador,SLV,2017,11.6,7.4,0,0,4020.12671373919,4.5,1.896,71.0856704711914,86.6699981689453,90.629997253418
El Salvador,SLV,2018,11.1,7.5,0,0,4183.54620971358,4.1,1.849,71.7577209472656,87.2300033569336,91.0999984741211
El Salvador,SLV,2019,10.7,7.7,0,0,4320.11671534627,3.0,1.838,72.4148941040039,87.3199996948242,91.3099975585938
El Salvador,SLV,2021,10.0,8.0,0,0,4642.60743101342,5.1,1.803,73.6838531494141,87.3051155907052,91.1837173897014
El Salvador,SLV,2022,9.9,8.1,0,0,5074.60210221806,5.2,1.785,74.1465021298679,87.5882470092533,91.5390566533592
El Salvador,SLV,2023,9.7,8.3,0,0,5365.44491399171,4.6,1.775,74.6080675149903,88.3499984741211,91.6900024414062
Estonia,EST,2000,2.1,4.6,0,0,4070.60902410208,3.0,1.36,67.385529072627,99.7600021362305,99.7799987792969
Estonia,EST,2011,1.3,4.8,0,0,17555.5455239426,1.2,1.61,67.8775556334506,99.9100036621094,99.8600006103516
Eswatini,SWZ,2000,35.7,13.0,2,1,1629.67038842815,65.0,4.03,22.8409330761997,80.3300018310547,83.1500015258789
Ethiopia,ETH,2004,52.8,3.1,2,0,133.169812538096,41.3,6.301,15.7585906982422,22.7999992370606,50.0
Ethiopia,ETH,2021,35.6,2.7,2,0,893.00983544905,38.6,4.177,22.1067085266113,44.1175468876936,65.9760526983118
Georgia,GEO,2002,15.5,19.7,0,1,853.526171868939,22.3,1.571,52.4127676027039,99.5500030517578,99.7699966430664
Georgia,GEO,2014,8.0,11.1,0,1,4830.33486170249,12.0,2.18,57.0237612994258,99.5100021362305,99.6699981689453
Georgia,GEO,2017,6.5,7.9,0,0,4418.75206546679,11.1,2.136,57.9996827205757,99.2900009155273,99.4400024414062
Georgia,GEO,2018,6.0,7.1,0,0,4804.0546040444,11.0,2.093,58.3038181862576,99.6500015258789,99.6600036621094
Georgia,GEO,2019,5.6,6.3,0,0,4741.2832715876,9.7,2.021,58.6304091780343,99.9624644408723,99.9632688543619
Georgia,GEO,2020,5.3,5.7,0,0,4300.85701291207,12.0,1.976,58.9990552763878,100.0,100.0
Georgia,GEO,2021,5.1,5.2,0,0,5083.60695484577,10.8,1.98,59.4293560618005,100.0,100.0
Georgia,GEO,2022,4.9,4.7,0,0,6729.84659930283,7.7,1.82,60.0101622679115,99.5400009155273,99.620002746582
Georgia,GEO,2023,4.8,4.4,0,0,8283.66960652261,5.8,1.81,60.7523077799724,99.5599975585938,99.5500030517578
Greece,GRC,2009,1.8,13.2,0,1,29425.4573200263,0.6,1.5,76.0174962722535,91.8499984741211,96.0699996948242
Guatemala,GTM,2014,46.8,4.1,2,0,3689.14510410202,8.0,3.088,53.1458479013964,76.370002746582,86.7600021362305
Guatemala,GTM,2023,44.1,3.7,2,0,5758.32760847852,9.7,2.311,55.6082319565539,78.7607326882149,88.1639060201333
Guinea,GIN,2018,29.3,3.8,1,0,933.273615633705,11.7,4.669,35.8554382324219,27.6900005340576,54.4300003051758
Haiti,HTI,2012,23.1,3.5,1,0,1361.39396587374,40.4,3.321,47.4314843495779,68.8274873119536,80.1076252729152
Honduras,HND,2001,35.5,3.6,2,0,1132.1648753329,26.5,4.153,45.8623033555915,80.2200012207031,79.7900009155273
Honduras,HND,2007,28.5,4.5,1,0,1577.73789197407,22.0,3.351,49.3994250214704,83.4499969482422,83.75
Honduras,HND,2010,24.2,4.9,1,0,1893.32722662035,19.6,3.078,51.3273733161098,84.7300033569336,84.7900009155273
Honduras,HND,2011,22.9,5.0,1,0,2073.66121088074,20.1,2.998,51.9908892304951,84.9300003051758,85.3399963378906
Honduras,HND,2012,21.8,5.1,1,0,2126.03474686503,24.0,2.927,52.6641557109031,85.0500030517578,85.6999969482422
Honduras,HND,2013,21.2,5.1,1,0,2081.12843527945,20.8,2.855,53.356379133253,85.2799987792969,85.6699981689453
Honduras,HND,2014,20.8,5.1,1,0,2179.88171977271,20.6,2.793,53.8768089124249,87.0299987792969,87.4000015258789
Honduras,HND,2015,20.5,5.1,1,0,2271.20265980349,19.9,2.746,54.3828473751434,87.8899993896484,87.9199981689453
Honduras,HND,2016,20.3,5.1,1,0,2307.34468351082,19.8,2.704,54.8868414578857,88.9300003051758,89.0500030517578
Honduras,HND,2018,19.4,5.0,0,0,2464.64241531918,19.8,2.645,55.8852577716247,87.2699966430664,87.1399993896484
Honduras,HND,2019,18.9,4.9,0,0,2502.32744328073,18.8,2.611,56.3791561389766,88.7300033569336,88.25
Honduras,HND,2023,18.0,4.4,0,0,3227.45762509776,17.0,2.5,58.3132392705102,87.2799987792969,86.879997253418
India,IND,2011,42.7,2.1,2,0,1445.46127486037,27.1,2.532,31.2746502853309,59.2799987792969,78.879997253418
India,IND,2022,33.0,3.1,2,0,2347.44829434623,5.3,1.994,34.7555673994206,69.0999984741211,83.4499969482422
Indonesia,IDN,2004,39.6,4.6,2,0,1126.84004447173,45.4,2.415,45.4476736441888,86.8000030517578,94.0400009155273
Indonesia,IDN,2006,39.6,5.6,2,0,1558.31562847163,46.8,2.457,47.0017588692457,88.7900009155273,95.1600036621094
Indonesia,IDN,2008,38.7,6.7,2,0,2124.55483920618,38.0,2.44,48.4644736032029,89.0999984741211,95.379997253418
Indonesia,IDN,2009,38.0,7.2,2,0,2218.48541852977,37.9,2.442,49.16775798133,89.6800003051758,95.6500015258789
Indonesia,IDN,2010,37.0,7.6,2,0,3065.68348377765,34.1,2.462,49.8521375148888,89.8899993896484,94.7600021362305
Indonesia,IDN,2011,35.8,8.0,2,0,3579.46442466152,31.2,2.515,50.4830017089844,90.0699996948242,95.5899963378906
Indonesia,IDN,2014,32.2,8.5,2,0,3441.06808464008,25.7,2.393,52.5002136230469,93.4499969482422,96.7900009155273
Indonesia,IDN,2015,31.0,8.4,2,0,3288.22269725538,21.6,2.346,53.1720771789551,93.3399963378906,97.1100006103516
Indonesia,IDN,2016,29.8,8.2,1,0,3521.46943457574,18.0,2.311,53.812557220459,93.5899963378906,97.1699981689453
Indonesia,IDN,2018,27.3,7.2,1,0,3860.95353090726,12.5,2.219,55.0956840515137,93.9899978637695,97.3300018310547
Indonesia,IDN,2020,25.1,5.7,1,0,3853.70288774146,9.8,2.189,56.2785287648768,94.5500030517578,97.4499969482422
Iraq,IRQ,2012,19.8,10.3,0,1,6477.59618450955,0.6,4.544,69.2222213745117,69.0,85.9000015258789
Jordan,JOR,2010,8.2,5.9,0,0,3718.46571622945,0.1,3.78,82.2601083887084,89.2099990844727,95.7699966430664
Kazakhstan,KAZ,2009,13.6,12.6,0,1,6938.01175663001,0.8,2.58,54.1167144748885,99.6800003051758,99.7900009155273
Latvia,LVA,2011,2.2,5.9,0,0,12902.574053337,1.7,1.33,67.8266897008267,99.9100036621094,99.879997253418
Lithuania,LTU,2001,2.8,4.5,0,0,3532.52787363242,1.6,1.29,66.9286097501613,99.6500015258789,99.6399993896484
Lithuania,LTU,2011,1.9,4.4,0,0,14261.8433787325,0.9,1.55,66.7518340055756,99.8300018310547,99.7900009155273
Madagascar,MDG,2012,48.2,1.6,2,0,493.511162904211,67.3,4.613,28.3988032871081,68.2799987792969,75.0299987792969
Madagascar,MDG,2021,39.3,1.5,2,0,483.469463351195,69.2,4.104,31.1137123216036,71.75,77.9000015258789
Malaysia,MYS,2018,20.8,5.9,1,0,10901.8019954421,0.0,1.838,74.5634625145296,93.5,96.120002746582
Maldives,MDV,2016,15.3,5.0,0,0,9947.80744731739,0.1,1.903,38.9560872317815,98.1100006103516,97.3000030517578
Maldives,MDV,2019,14.3,4.3,0,0,11740.2724029785,0.0,1.64,40.0492764783282,98.2600021362305,98.1600036621094
Mali,MLI,2006,35.6,2.0,2,0,586.985415515264,64.0,6.677,21.2987608960246,18.1900005340576,34.8600006103516
Mali,MLI,2018,24.9,1.0,1,0,996.379292136901,29.4,6.118,27.6999185916288,25.7399997711182,46.1800003051758
Malta,MLT,2011,5.4,8.1,0,0,23516.9691234302,0.2,1.45,94.3155916422812,94.7900009155273,91.7900009155273
Marshall Islands,MHL,2019,32.1,4.3,2,0,5292.33985502306,2.1,3.012,76.9422712042154,97.620002746582,98.75
Mauritania,MRT,2000,39.2,3.3,2,0,680.911061879778,30.7,5.456,38.0555858542174,43.4199981689453,59.5400009155273
Mauritius,MUS,2012,8.2,5.1,0,0,9421.52514098225,1.1,1.54,40.0369511615085,88.9800033569336,94.6500015258789
Mexico,MEX,2000,20.3,7.3,1,0,7524.0271380091,16.3,2.714,74.9203113970256,88.6800003051758,92.5599975585938
Mexico,MEX,2002,19.0,7.3,0,0,7983.03398381759,12.8,2.633,75.6840752828994,88.7300033569336,92.0
Mexico,MEX,2004,17.6,7.1,0,0,7849.66759649565,11.0,2.536,76.3274397419019,89.629997253418,92.4499969482422
Mexico,MEX,2005,17.0,7.1,0,0,8671.75891885163,11.7,2.495,76.4748624380269,90.2099990844727,93.1900024414062
Mexico,MEX,2006,16.5,7.0,0,0,9512.63575346699,9.0,2.456,76.4982455683657,89.8300018310547,93.9000015258789
Mexico,MEX,2008,15.3,6.9,0,0,10523.7685403244,10.1,2.391,76.5090428271033,91.4499969482422,94.5899963378906
Mexico,MEX,2010,14.1,6.8,0,0,9728.80078377082,8.4,2.34,76.5244441414713,91.8499984741211,94.379997253418
Mexico,MEX,2012,13.2,6.8,0,0,10744.1335242686,7.3,2.294,76.6585199140734,93.1800003051758,95.3899993896484
Mexico,MEX,2014,12.7,6.7,0,0,11391.3773497683,7.2,2.211,76.9741367091766,93.5899963378906,95.620002746582
Mexico,MEX,2016,12.6,6.7,0,0,9097.92397674769,4.4,2.086,77.4405087351486,93.9700012207031,95.8399963378906
Mexico,MEX,2018,12.7,6.7,0,0,10084.7937562021,3.9,2.03,78.0271223924494,94.6100006103516,96.2300033569336
Mexico,MEX,2020,12.6,6.8,0,0,8841.27075039868,4.3,1.99,78.677960602824,94.5,96.0599975585938
Mexico,MEX,2022,12.9,7.0,0,0,11405.7940473759,2.3,1.94,79.199683215791,95.2146036640058,96.5620035726989
Mongolia,MNG,2010,14.9,9.9,0,0,2625.21881402433,3.5,2.4,67.8298018313254,98.3399963378906,98.1699981689453
Mongolia,MNG,2018,8.6,10.9,0,1,4107.64288528468,1.7,2.9,67.8683444833372,98.0,95.6699981689453
Mongolia,MNG,2022,7.4,11.7,0,1,4993.51487463495,0.4,2.7,69.783805847168,98.9100036621094,98.5199966430664
Montenegro,MNE,2011,8.6,16.1,0,1,7265.51668681954,0.4,1.65,64.4210914835811,97.5,99.4300003051758
Montenegro,MNE,2018,8.1,10.4,0,1,8673.59128084795,3.9,1.8,65.0854068937869,97.9499969482422,99.1500015258789
Mozambique,MOZ,2022,37.0,4.2,2,0,578.251663751351,81.4,4.84,35.0536638047945,50.9268678866772,74.1223819372325
Niger,NER,2005,49.8,0.7,2,0,318.643121918273,83.8,7.769,16.2687225341797,15.079999923706,42.9300003051758
Niger,NER,2014,44.7,0.6,2,0,565.30989731175,60.3,7.342,16.2450424611665,18.1139067912215,41.7834707709469
Niger,NER,2018,44.7,0.9,2,0,578.568035680892,59.0,6.706,16.6449011799221,22.8799991607666,45.189998626709
Nigeria,NGA,2003,41.3,5.5,2,0,763.388745367223,51.1,6.1,45.8372080921761,43.3199996948242,66.7699966430664
North Macedonia,MKD,2002,8.6,12.8,0,1,1989.13537265159,3.0,1.786,57.8726144171205,94.0599975585938,98.2099990844727
Pakistan,PAK,2005,44.1,5.2,2,0,827.619861189926,40.8,4.595,33.9190062789495,35.3699989318848,64.0599975585938
Pakistan,PAK,2007,45.1,5.2,2,0,998.090114197524,34.9,4.554,34.2683067336065,38.4599990844727,65.0
Pakistan,PAK,2010,44.9,4.9,2,0,987.304571124485,26.7,4.398,34.8159187475539,41.0200004577637,68.9000015258789
Pakistan,PAK,2011,44.5,4.8,2,0,1131.73513834324,25.9,4.305,35.0113675889897,41.9799995422363,66.9899978637695
Pakistan,PAK,2013,43.3,4.5,2,0,1225.4340119198,21.2,4.125,35.4315352494366,41.9700012207031,68.629997253418
Pakistan,PAK,2018,38.1,3.4,2,0,1569.33814626355,16.5,3.855,36.7478511550359,45.4000015258789,69.2799987792969
Panama,PAN,2000,18.3,8.3,0,0,3975.09310275544,16.3,2.744,62.2165370013582,91.25,92.5500030517578
Panama,PAN,2010,21.2,10.6,1,1,8331.46422259967,7.7,2.587,65.0926097647906,93.4899978637695,94.7099990844727
Panama,PAN,2018,16.0,11.5,0,1,16151.3273433486,3.7,2.402,65.7099285144924,94.879997253418,95.9700012207031
Panama,PAN,2019,15.2,11.5,0,1,16477.9066268111,2.9,2.288,65.752985396379,95.3600006103516,96.1399993896484
Panama,PAN,2021,14.1,11.4,0,1,15509.8069124139,3.3,2.152,65.8092302689169,95.9572319762946,96.7675045032491
Panama,PAN,2023,13.9,11.1,0,1,18797.1933994045,3.7,2.119,65.8601271176084,95.996369445753,96.6663951920392
Paraguay,PRY,2007,15.1,8.4,0,0,3211.93621659546,12.6,2.823,59.1328545601355,93.4499969482422,95.7099990844727
Paraguay,PRY,2008,13.9,8.8,0,0,4384.95469437803,7.9,2.792,59.2442256780564,92.4899978637695,94.129997253418
Paraguay,PRY,2009,12.8,9.2,0,0,3941.84815479431,9.1,2.757,59.3666109432844,93.1399993896484,94.370002746582
Paraguay,PRY,2010,11.6,9.6,0,0,4750.96273669458,9.4,2.695,59.5122792618786,92.9300003051758,94.8099975585938
Paraguay,PRY,2012,9.4,10.5,0,1,5642.16991672846,6.4,2.658,59.9212909454702,93.5899963378906,94.8199996948242
Paraguay,PRY,2013,8.5,10.9,0,1,6435.68342733004,4.1,2.636,60.2375315600901,94.4700012207031,95.6699981689453
Paraguay,PRY,2014,7.7,11.4,0,1,6652.25478942461,4.3,2.646,60.7101965948157,94.2099990844727,95.870002746582
Paraguay,PRY,2015,6.9,11.8,0,1,5879.33792308762,4.2,2.645,61.3302768533263,94.870002746582,96.25
Paraguay,PRY,2016,6.3,12.2,0,1,5775.15963399596,4.2,2.624,62.0827613208606,93.8399963378906,95.4800033569336
Paraguay,PRY,2018,5.0,13.2,0,1,6258.44991640984,3.1,2.561,63.9248988239553,93.5299987792969,94.5100021362305
Paraguay,PRY,2019,4.5,13.6,0,1,5821.18199548738,2.4,2.525,64.9845298299929,92.6600036621094,93.7900009155273
Paraguay,PRY,2020,4.1,14.0,0,1,5365.47220721104,2.6,2.497,66.116520986009,94.1800003051758,94.9199981689453
Peru,PER,2004,29.8,9.3,1,0,2397.25147277714,23.5,2.673,74.3769516383133,82.0599975585938,93.4599990844727
Peru,PER,2005,28.3,9.2,1,0,2706.66947297608,25.4,2.643,74.8162354830832,82.4499969482422,93.7200012207031
Peru,PER,2006,27.1,9.0,1,0,3129.55996496982,21.8,2.619,75.2766672012397,83.4499969482422,94.2300033569336
Peru,PER,2007,25.6,8.9,1,0,3581.0893081917,18.9,2.583,75.7615250588738,84.6500015258789,94.8600006103516
Peru,PER,2012,18.1,8.3,0,0,6519.37852981527,9.5,2.356,78.6488061451268,90.6699981689453,96.9499969482422
Peru,PER,2014,15.8,8.1,0,0,6667.13410360861,8.0,2.271,79.9945465682649,90.4499969482422,96.9499969482422
Peru,PER,2015,14.9,8.1,0,0,6231.71150338894,8.0,2.229,80.698277662669,91.25,97.1100006103516
Peru,PER,2016,14.0,8.1,0,0,6217.03599995447,7.5,2.189,81.4192362241943,91.1900024414062,97.1900024414062
Peru,PER,2017,13.2,8.1,0,0,6736.16693725487,7.3,2.152,82.1931650502403,91.2699966430664,97.0400009155273
Peru,PER,2018,12.4,8.1,0,0,6978.49121548627,6.1,2.118,82.6854929960921,91.6999969482422,97.120002746582
Peru,PER,2020,11.3,8.2,0,0,6133.32552410183,10.3,2.056,83.5267437189637,92.0199966430664,96.9899978637695
Philippines,PHL,2000,34.5,2.2,2,0,1050.79273107952,25.9,3.754,39.1384171397742,92.6500015258789,92.5500030517578
Philippines,PHL,2003,34.2,2.4,2,0,1027.2301192843,24.3,3.591,40.3928506135438,93.5599975585938,91.629997253418
Philippines,PHL,2015,30.8,3.5,2,0,2909.85818010301,14.6,2.829,51.1549047745227,98.2399978637695,98.120002746582
Portugal,PRT,2011,3.9,8.1,0,0,23246.5425416481,0.6,1.35,61.1410698395502,92.8600006103516,96.2900009155273
Romania,ROU,2002,13.2,9.4,0,0,2119.85509684554,9.1,1.27,52.7466427937759,96.2699966430664,98.4000015258789
Romania,ROU,2011,9.1,7.3,0,0,9560.6755277458,7.1,1.47,53.9608874244169,98.2099990844727,99.0299987792969
Romania,ROU,2021,7.1,4.3,0,0,14907.9803652143,2.0,1.81,52.2321512130811,99.2799987792969,99.0199966430664
Rwanda,RWA,2000,48.7,6.8,2,0,251.86926386091,82.3,5.967,15.7804474645996,59.75,71.4199981689453
Senegal,SEN,2011,18.4,1.4,0,0,1374.67591873844,53.3,5.099,44.0689668509475,40.25,66.0400009155273
Senegal,SEN,2018,17.6,1.3,0,0,1452.55612562445,19.1,4.294,48.9001692274485,40.5800018310547,54.4700012207031
Serbia,SRB,2003,8.7,18.2,0,1,3153.9011312754,0.9,1.59,56.8784264526306,94.0699996948242,98.9100036621094
Serbia,SRB,2016,5.6,11.8,0,1,5982.37030126471,8.1,1.46,60.3853870034026,98.2300033569336,99.5
Serbia,SRB,2019,5.1,10.7,0,1,7755.632986437,2.7,1.52,61.0492248535156,99.120002746582,99.879997253418
Serbia,SRB,2022,4.6,11.0,0,1,10024.8191112596,2.0,1.59,61.9013813540396,99.0999984741211,99.6100006103516
Sierra Leone,SLE,2018,28.5,2.7,1,0,845.914540460932,41.5,4.294,42.2011025267803,40.621381085044,58.3184400750665
South Africa,ZAF,2010,23.1,12.8,1,1,7973.47195771517,29.5,2.445,62.6299120560569,91.7099990844727,94.1399993896484
South Africa,ZAF,2014,22.2,13.2,1,1,6856.73137092522,31.2,2.424,63.1352327065742,93.0699996948242,95.2900009155273
Sri Lanka,LKA,2006,19.0,1.1,0,0,1388.89739119932,12.2,2.292,15.4829275281105,89.0899963378906,92.7099990844727
Sri Lanka,LKA,2016,13.3,1.2,0,0,4149.19190775593,3.8,2.062,18.9747679368162,91.4899978637695,93.4599990844727
Sri Lanka,LKA,2019,11.6,1.1,0,0,4081.94772722003,2.7,2.022,19.4946326418437,91.5800018310547,93.0299987792969
Tajikistan,TJK,2003,39.3,8.6,2,0,233.58124845289,56.0,3.42,26.5331204386766,96.9441463687736,99.3880926474567
Tajikistan,TJK,2007,33.7,7.5,2,0,516.997210618914,24.2,3.367,26.5315339938424,97.5081256939229,99.6995794346234
Tajikistan,TJK,2009,30.4,6.6,2,0,664.795655734657,15.7,3.43,26.529186594207,100.0,100.0
Thailand,THA,2000,16.1,6.4,0,0,2005.97694514234,8.4,1.734,31.4626212652205,90.5199966430664,94.9000015258789
Thailand,THA,2010,15.2,8.7,0,0,4973.86288823778,0.7,1.562,44.0018736622496,96.4300003051758,96.4400024414062
Thailand,THA,2013,13.6,9.3,0,0,6018.08244729255,0.2,1.526,45.8321343847773,92.25,95.25
Thailand,THA,2015,13.0,9.6,0,0,5688.85335397884,0.1,1.451,46.9521043776171,91.1900024414062,94.6600036621094
Thailand,THA,2016,12.8,9.7,0,0,5833.57715617098,0.1,1.4,47.8801095551247,92.6800003051758,91.1999969482422
Thailand,THA,2018,12.4,9.8,0,0,7099.77650081458,0.1,1.323,54.5843734741211,92.4300003051758,95.1999969482422
Thailand,THA,2019,12.3,9.9,0,0,7605.69657797759,0.1,1.285,55.9266166687012,90.1800003051758,92.4700012207031
Thailand,THA,2022,12.2,9.9,0,0,6909.35281815827,0.0,1.221,59.742374420166,91.4899978637695,90.6699981689453
Timor-Leste,TLS,2001,55.4,4.9,2,0,587.700634429079,55.7,5.918,24.469641672156,30.0,45.2999992370605
Timor-Leste,TLS,2007,56.8,3.5,2,0,540.154630518785,60.1,5.333,28.0011655196859,42.5,58.5
Togo,TGO,2006,29.4,1.5,1,0,552.50227125256,67.2,5.076,35.795057579151,44.3800010681152,70.2699966430664
Togo,TGO,2011,26.8,1.3,1,0,783.988944671672,65.2,4.984,37.9872305648732,47.9799995422363,74.0599975585938
Togo,TGO,2015,25.4,1.4,1,0,751.051987587248,61.5,4.662,39.7162551272934,51.2400016784668,77.2600021362305
Tunisia,TUN,2010,9.4,12.0,0,1,4291.86120891575,3.1,2.075,66.6280059814453,71.0899963378906,87.379997253418
Tunisia,TUN,2021,8.7,17.2,0,1,3906.93926319391,0.7,1.8,69.3997523770568,76.8000030517578,91.0400009155273
Uganda,UGA,2002,43.1,5.3,2,0,241.984688408335,78.6,6.735,12.202793574555,58.9099998474121,78.3000030517578
Uganda,UGA,2012,33.4,4.0,2,0,795.222867553127,56.2,5.729,21.372369321253,61.9700012207031,79.120002746582
Uganda,UGA,2016,28.7,3.4,1,0,752.696571725656,60.1,5.112,25.6953567134098,61.0,78.5
Uruguay,URY,2006,12.6,9.3,0,0,6001.33294783172,1.0,2.07,92.4845482788191,98.0800018310547,97.4400024414062
Uruguay,URY,2007,11.9,9.2,0,0,7222.05403645877,0.7,2.048,92.9603688038713,98.2399978637695,97.4199981689453
Uruguay,URY,2008,11.1,9.2,0,0,9423.96562595893,0.4,2.03,93.45975578621,98.4599990844727,97.8300018310547
Uruguay,URY,2009,10.3,9.2,0,0,9881.39573127081,0.4,2.018,93.9337324320314,98.5199966430664,97.9700012207031
Uruguay,URY,2010,9.7,9.2,0,0,12641.0576849008,0.3,2.011,94.3333219475319,98.4899978637695,97.6100006103516
Uruguay,URY,2011,9.3,9.2,0,0,15132.2675725587,0.2,1.987,94.6036824756941,98.620002746582,98.0199966430664
Uruguay,URY,2012,9.0,9.3,0,0,16259.5940814256,0.3,2.012,94.7606597546186,98.6600036621094,98.0999984741211
Uruguay,URY,2013,8.7,9.4,0,0,18335.2594772322,0.3,2.034,94.8844735142936,98.6399993896484,98.0599975585938
Uruguay,URY,2014,8.4,9.5,0,0,18322.4276767157,0.2,2.026,94.9897821210514,98.8099975585938,98.0299987792969
Uruguay,URY,2015,8.1,9.6,0,0,17125.9016800298,0.2,2.041,95.0800002298303,98.870002746582,98.1500015258789
Uruguay,URY,2016,7.7,9.8,0,0,17009.7584207276,0.1,1.966,95.1585424955685,98.8499984741211,98.2399978637695
Uruguay,URY,2017,7.3,10.1,0,1,19184.6502617082,0.1,1.824,95.2288235732042,98.9599990844727,98.2300033569336
Uruguay,URY,2018,7.0,10.3,0,1,19249.9404677501,0.1,1.681,95.2942581176758,99.0100021362305,98.370002746582
Uruguay,URY,2019,6.7,10.7,0,1,18315.7316980028,0.1,1.567,95.3479309082031,99.0400009155273,98.4800033569336
Uruguay,URY,2020,6.5,11.1,0,1,15757.5355995779,0.3,1.497,95.3997650146484,99.3204399005997,98.7392835820531
Uruguay,URY,2022,6.5,12.1,0,1,20818.6146091144,0.2,1.425,95.4977416992188,99.0899963378906,98.5899963378906
Uruguay,URY,2023,6.5,12.7,0,1,23019.4221560046,0.2,1.409,95.5439605712891,99.732368828745,98.9816571374806
Uzbekistan,UZB,2000,29.0,13.8,1,1,555.149231099186,93.8,2.696,47.6731005044,98.1399993896484,99.1600036621094
Uzbekistan,UZB,2021,7.4,4.4,0,0,2258.51964119278,4.4,3.273,50.9269905090332,100.0,100.0
Uzbekistan,UZB,2022,7.1,4.6,0,0,2578.66689394219,4.4,3.396,50.9847412109375,100.0,100.0
Vanuatu,VUT,2019,28.8,5.2,1,0,3207.44650452083,19.5,3.79,23.5024668917075,92.3164391001965,94.4258755793895
Viet Nam,VNM,2022,19.9,9.2,0,0,4147.69777213621,1.6,1.927,37.5478515625,95.0800018310547,97.2399978637695
Zambia,ZMB,2002,51.8,8.7,2,0,393.864625518616,68.0,5.774,36.0706035730014,61.8400001525879,80.9100036621094
Zambia,ZMB,2010,43.6,7.2,2,0,1451.10616017155,71.4,5.359,39.9558857709992,78.0699996948242,88.6800003051758
Zambia,ZMB,2022,31.8,5.5,2,0,1447.12310138035,71.7,4.175,44.5988511178469,74.1986616225725,86.2642111276023
Zimbabwe,ZWE,2019,23.9,3.1,1,0,2184.32923855469,49.2,3.748,36.1837638266364,93.3600006103516,93.0699996948242
